"MODELID","ODSID","NAME"
"20000109","21301","Karmann Ghia"
"20000110","21302","Interceptor"
"20000111","21303","International"
"20000112","21304","Intrigue"
"20000113","21305","Ion"
"20000114","21306","Islero"
"20000115","21307","Italia"
"20000116","21308","Kingswood"
"20000117","21309","J20"
"20000118","21310","L"
"20000119","21311","J30"
"20000120","21312","L-111"
"20000121","21313","Jarama"
"20000122","21314","L-120"
"20000123","21315","Jarama 400 GTS"
"20000124","21316","L-122"
"20000125","21317","Jeepster"
"20000126","21318","Jensen-Healey"
"20000127","21319","L-151"
"20000128","21320","Jet Liner"
"20000129","21321","L6"
"20000130","21322","Jetstar"
"20000131","21323","Jetstar I"
"20000132","21324","Jimmy"
"20000133","21325","Justy"
"20000134","21326","K-1"
"20000135","21327","LHS"
"20000136","21328","K-2"
"20000137","21329","LM-120"
"20000138","21330","K-3M"
"20000139","21331","LM-122"
"20000140","21332","KB-1M"
"20000141","21333","LN7"
"20000142","21334","KB-3"
"20000143","21335","LR3"
"20000144","21336","KL"
"20000145","21337","LS 400"
"20000146","21338","KM-3"
"20000147","21339","LS 460"
"20000148","21340","Kapitan"
"20000149","21341","LSS"
"20000150","21342","Khamsin"
"20000151","21343","Kyalami"
"20000152","21344","L-110"
"20000153","21345","L-112"
"20000154","21346","L-121"
"20000155","21347","LTD Brougham"
"20000156","21348","L-150"
"20000157","21349","LTD II Brougham"
"20000158","21350","L-153"
"20000159","21351","LW"
"20000160","21352","L7"
"20000161","21353","LX 470"
"20000162","21354","LM"
"20000163","21355","LaCrosse"
"20000164","21356","LM-121"
"20000165","21357","LM-150"
"20000166","21358","Lafayette 400"
"20000167","21360","LR2"
"20000168","21361","Lancer"
"20000169","21362","LS"
"20000170","21363","LS 430"
"20000171","21364","LS 600h L"
"20000172","21365","LTD"
"20000173","21366","LTD II"
"20000174","21367","LTD Landau"
"20000175","21368","Lancer Sportback"
"20000176","21369","LX 450"
"20000177","21370","Lanos"
"20000178","21371","LX 570"
"20000179","21372","Laser"
"20000180","21373","Lafayette"
"20000181","21374","LeBaron"
"20000182","21375","Lagonda"
"20000183","21376","LeMans"
"20000184","21377","Laguna S-3"
"20000185","21378","Legacy"
"20000186","21379","Lancer Evolution"
"20000187","21380","Legend"
"20000188","21381","Land Cruiser"
"20000189","21382","Liberte"
"20000190","21383","Light Six"
"20000191","21384","Loyale"
"20000192","21385","Lumina"
"20000193","21386","Luv"
"20000194","21387","Lark"
"20000195","21388","M"
"20000196","21389","Late Special"
"20000197","21390","M-3"
"20000198","21391","LeCar"
"20000199","21392","M3"
"20000200","21393","LeSabre"
"20000201","21394","M35"
"20000202","21395","Leganza"
"20000203","21396","M5"
"20000204","21397","Legere"
"20000205","21398","MA"
"20000206","21399","Liberty"
"20000207","21401","Limited"
"20000208","21402","MGB"
"20000209","21403","MKS"
"20000210","21404","MKZ"
"20000211","21405","MR2"
"20000212","21406","Lucerne"
"20000213","21407","MX-3"
"20000214","21408","Lumina APV"
"20000215","21409","MXT"
"20000216","21410","Lynx"
"20000217","21411","Magnum"
"20000218","21412","M-2"
"20000219","21413","Malibu"
"20000220","21414","M-Class"
"20000221","21415","Malibu Maxx"
"20000222","21416","M30"
"20000223","21417","Manhattan"
"20000224","21418","M45"
"20000225","21419","Marathon"
"20000226","21420","M6"
"20000227","21421","Mariner"
"20000228","21422","MDX"
"20000229","21423","MGA"
"20000230","21424","MGC"
"20000231","21425","MKX"
"20000232","21426","Mark"
"20000233","21427","MPV"
"20000234","21428","Mark III"
"20000235","21429","MW"
"20000236","21430","Mark IX"
"20000237","21431","MX-6"
"20000238","21432","Mark V"
"20000239","21433","Magnette"
"20000240","21434","Mark VII"
"20000241","21435","Mainline"
"20000242","21436","Mark X"
"20000243","21437","Malibu Classic"
"20000244","21438","Marquette"
"20000245","21439","Mangusta"
"20000246","21440","Master"
"20000247","21441","Manta"
"20000248","21442","Master Deluxe"
"20000249","21443","Master Six"
"20000250","21444","Matrix"
"20000251","21445","Maxima"
"20000252","21446","Mazda3"
"20000253","21447","Mazda6"
"20000254","21448","MazdaSpeed Protege"
"20000255","21449","Marauder"
"20000256","21450","MazdaSpeed6"
"20000257","21451","Mariner Hybrid"
"20000258","21452","Medalist"
"20000259","21453","Mark II"
"20000260","21454","Merak"
"20000261","21455","Mark IV"
"20000262","21456","Meteor"
"20000263","21457","Mark LT"
"20000264","21458","Metropolitan"
"20000265","21459","Mark VI"
"20000266","21460","MX-5 Miata"
"20000267","21461","Mark VIII"
"20000268","21462","Midget"
"20000269","21463","Milano"
"20000270","21464","Mini"
"20000271","21465","Minivan"
"20000272","21466","Mirage"
"20000273","21467","Miura"
"20000274","21468","Model 01A"
"20000275","21469","Model 1-38"
"20000276","21470","Model 10"
"20000277","21471","Marlin"
"20000278","21472","Model 10-C"
"20000279","21473","Marquis"
"20000280","21474","Model 11-B"
"20000281","21475","Master 85"
"20000282","21476","Model 130"
"20000283","21477","Master Eagle"
"20000284","21478","Model 137"
"20000285","21479","Matador"
"20000286","21480","Model 145"
"20000287","21481","Maverick"
"20000288","21482","Model 16"
"20000289","21483","Model 18"
"20000290","21484","Model 1BA"
"20000291","21485","Model 1HA"
"20000292","21486","Mayflower"
"20000293","21487","Model 20"
"20000294","21488","Mazda5"
"20000295","21489","Model 21A"
"20000296","21490","MazdaSpeed Miata MX-5"
"20000297","21491","Model 23"
"20000298","21492","MazdaSpeed3"
"20000299","21493","Model 25"
"20000300","21494","Meadowbrook"
"20000301","21495","Model 27"
"20000302","21496","Medallion"
"20000303","21497","Model 29"
"20000304","21498","Mercury"
"20000305","21499","Model 3-38"
"20000306","21500","Metro"
"20000307","21501","Model 30"
"20000308","21502","Mexico"
"20000309","21503","Microbus"
"20000310","21504","Milan"
"20000311","21505","Millenia"
"20000312","21506","Mini Ram"
"20000313","21507","Mirada"
"20000314","21508","Mistral"
"20000315","21509","Mizer"
"20000316","21510","Model 30-A"
"20000317","21511","Model 022A"
"20000318","21512","Model 30-C"
"20000319","21513","Model 1-48"
"20000320","21514","Model 30-E"
"20000321","21515","Model 10-B"
"20000322","21516","Model 30U"
"20000323","21517","Model 11-A"
"20000324","21518","Model 32"
"20000325","21519","Model 11A"
"20000326","21520","Model 34"
"20000327","21521","Model 135"
"20000328","21522","Model 36"
"20000329","21523","Model 37-A"
"20000330","21524","Model 38"
"20000331","21525","Model 4-48"
"20000332","21526","Model 401"
"20000333","21527","Model 41"
"20000334","21528","Model 43"
"20000335","21529","Model 43A"
"20000336","21530","Model 45"
"20000337","21531","Model 45-B"
"20000338","21532","Model 14"
"20000339","21533","Model 47"
"20000340","21534","Model 147"
"20000341","21535","Model 5"
"20000342","21536","Model 17"
"20000343","21537","Model 54"
"20000344","21538","Model 19"
"20000345","21539","Model 59"
"20000346","21540","Model 1EL"
"20000347","21541","Model 6-27"
"20000348","21542","Model 2-38"
"20000349","21543","Model 21"
"20000350","21544","Model 22"
"20000351","21545","Model 24"
"20000352","21546","Model 26"
"20000353","21547","Model 28"
"20000354","21548","Model 2GA"
"20000355","21549","Model 3-48"
"20000356","21550","Model 30-35"
"20000357","21551","Model 6-29A"
"20000358","21552","Model 30-B"
"20000359","21553","Model 601"
"20000360","21554","Model 66"
"20000361","21555","Model 30-D"
"20000362","21556","Model 302"
"20000363","21557","Model 6CA"
"20000364","21558","Model 31"
"20000365","21559","Model 7"
"20000366","21560","Model 33"
"20000367","21561","Model 76"
"20000368","21562","Model 35"
"20000369","21563","Model 37"
"20000370","21564","Model 37-B"
"20000371","21565","Model 39"
"20000372","21566","Model 78"
"20000373","21567","Model 40"
"20000374","21568","Model 7GA-7HA"
"20000375","21569","Model 402"
"20000376","21570","Model 82A"
"20000377","21571","Model 42"
"20000378","21572","Model 87HA"
"20000379","21573","Model 43-A"
"20000380","21574","Model 89A"
"20000381","21575","Model 44"
"20000382","21576","Model 9-B"
"20000383","21577","Model 45-A"
"20000384","21578","Model 922A"
"20000385","21579","Model 46"
"20000386","21580","Model 9503"
"20000387","21581","Model 48"
"20000388","21582","Model 98"
"20000389","21583","Model 98 HA"
"20000390","21584","Model 9EL"
"20000391","21585","Model A-1"
"20000392","21586","Model B-70"
"20000393","21587","Model 5-48"
"20000394","21588","Model D"
"20000395","21589","Model 55"
"20000396","21590","Model E"
"20000397","21591","Model 6"
"20000398","21592","Model E-2"
"20000399","21593","Model 6-28"
"20000400","21594","Model E-3"
"20000401","21595","Model 6-30B"
"20000402","21596","Model F-28"
"20000403","21597","Model 603"
"20000404","21598","Model F-29"
"20000405","21599","Model 68"
"20000406","21600","Model 6DA"
"20000407","21601","Model F-31"
"20000408","21602","Model 74"
"20000409","21603","Model 76H"
"20000410","21604","Model 79A"
"20000411","21605","Model 81A"
"20000412","21606","Model F-33"
"20000413","21607","Model 876H"
"20000414","21608","Model 88A"
"20000415","21609","Model F-35"
"20000416","21610","Model F-37"
"20000417","21611","Model 8DA"
"20000418","21612","Model F-39"
"20000419","21613","Model 91A"
"20000420","21614","Model G"
"20000421","21615","Model 9502"
"20000422","21616","Model 96"
"20000423","21617","Model G-39"
"20000424","21618","Model 98 BA"
"20000425","21619","Model G-7"
"20000426","21620","Model 98HA"
"20000427","21621","Model H"
"20000428","21622","Model A"
"20000429","21623","Model B"
"20000430","21624","Model C"
"20000431","21625","Model DR"
"20000432","21626","Model E-1"
"20000433","21627","Model KA"
"20000434","21628","Model E-20"
"20000435","21629","Model L"
"20000436","21630","Model L-33"
"20000437","21631","Model F"
"20000438","21632","Model F-284"
"20000439","21633","Model L-35"
"20000440","21634","Model F-30"
"20000441","21635","Model L-37"
"20000442","21636","Model F-32"
"20000443","21637","Model L-39"
"20000444","21638","Model F-34"
"20000445","21639","Model LT"
"20000446","21640","Model F-36"
"20000447","21641","Model N"
"20000448","21642","Model F-38"
"20000449","21643","Model F-40"
"20000450","21644","Model G-304"
"20000451","21645","Model G-40"
"20000452","21646","Model G-8"
"20000453","21647","Model OEL"
"20000454","21648","Model K"
"20000455","21649","Model PB"
"20000456","21650","Model KB"
"20000457","21651","Model PD"
"20000458","21652","Model L-32"
"20000459","21653","Model R"
"20000460","21654","Model L-34"
"20000461","21655","Model S"
"20000462","21656","Model L-36"
"20000463","21657","Model T"
"20000464","21658","Model L-38"
"20000465","21659","Model U"
"20000466","21660","Model L-40"
"20000467","21661","Model X"
"20000468","21662","Model M"
"20000469","21663","Model NA"
"20000470","21664","Model PA"
"20000471","21665","Model PC"
"20000472","21666","Monaco"
"20000473","21667","Model Q"
"20000474","21668","Mondial"
"20000475","21669","Model R-14"
"20000476","21670","Montana"
"20000477","21671","Model Six-30"
"20000478","21672","Montclair"
"20000479","21673","Model TR"
"20000480","21674","Montego"
"20000481","21675","Model UA"
"20000482","21676","Montero"
"20000483","21677","Model Z"
"20000484","21678","Monza"
"20000485","21679","Monarch"
"20000486","21680","Mulsanne"
"20000487","21681","Mondial t"
"20000488","21682","Mulsanne Turbo"
"20000489","21683","Murcielago"
"20000490","21684","Mustang Shelby GT"
"20000491","21685","NSX"
"20000492","21686","Nash-Healey"
"20000493","21687","Navajo"
"20000494","21688","Neon"
"20000495","21689","New York Special"
"20000496","21690","Newport"
"20000497","21691","Nitro"
"20000498","21692","Nova"
"20000499","21693","Oasis"
"20000500","21694","Olympia"
"20000501","21695","Olympic"
"20000502","21696","Omni"
"20000503","21697","Outback"
"20000504","21698","Outlook"
"20000505","21699","P3"
"20000506","21700","Pacemaker"
"20000507","21701","Pacifica"
"20000508","21702","Montana SV6"
"20000509","21703","Monte Carlo"
"20000510","21704","Monterey"
"20000511","21705","Montero Sport"
"20000512","21706","Mountaineer"
"20000513","21707","Panel"
"20000514","21708","Mulsanne S"
"20000515","21709","Panel Step Van"
"20000516","21710","Murano"
"20000517","21711","Pantera II"
"20000518","21712","Mustang"
"20000519","21713","Park Avenue"
"20000520","21714","Mystique"
"20000521","21715","Parklane"
"20000522","21716","NX"
"20000523","21717","National"
"20000524","21718","Paseo"
"20000525","21719","Navigator"
"20000526","21720","Passport"
"20000527","21721","New Cabrio"
"20000528","21722","Patrician"
"20000529","21723","Phaeton"
"20000530","21724","Phantom Drophead Coupe"
"20000531","21725","Phantom V"
"20000532","21726","New Yorker"
"20000533","21727","Phoenix"
"20000534","21728","Ninety-Eight"
"20000535","21729","Pilot"
"20000536","21730","Normale"
"20000537","21731","Pinto"
"20000538","21732","Nubira"
"20000539","21733","Platform"
"20000540","21734","Odyssey"
"20000541","21735","Plus 8"
"20000542","21736","Olympia Rekord"
"20000543","21737","Power Hawk"
"20000544","21738","Omega"
"20000545","21739","Powermaster Six"
"20000546","21740","Optima"
"20000547","21741","Prelude"
"20000548","21742","Outlander"
"20000549","21743","P1800"
"20000550","21744","PT Cruiser"
"20000551","21745","Pacer"
"20000552","21746","Packard"
"20000553","21747","Premiere"
"20000554","21748","Panel Delivery"
"20000555","21749","President Speedway"
"20000556","21750","Pantera"
"20000557","21751","Prius"
"20000558","21752","Probe"
"20000559","21753","Parisienne"
"20000560","21754","Protege5"
"20000561","21755","Park Ward"
"20000562","21756","Pulsar"
"20000563","21757","Parkwood"
"20000564","21758","Passat"
"20000565","21759","Q7"
"20000566","21760","QX56"
"20000567","21761","Pathfinder"
"20000568","21762","Quality 115"
"20000569","21763","quattro"
"20000570","21764","Quest"
"20000571","21765","R-100"
"20000572","21766","Patriot"
"20000573","21767","R-12"
"20000574","21768","Phantom Coupe"
"20000575","21769","R-130"
"20000576","21770","Phantom III"
"20000577","21771","R-16"
"20000578","21772","Phantom VI"
"20000579","21773","R-5"
"20000580","21774","R-Type"
"20000581","21775","Pickup"
"20000582","21777","Pininfarina"
"20000583","21778","R8"
"20000584","21779","Pioneer"
"20000585","21780","RAV4"
"20000586","21781","Plaza"
"20000587","21782","RL"
"20000588","21783","RS 4"
"20000589","21784","RSX"
"20000590","21785","RX 300"
"20000591","21786","Polara"
"20000592","21787","RX 350"
"20000593","21788","Powermaster"
"20000594","21789","Precis"
"20000595","21790","RX-2"
"20000596","21791","Premier"
"20000597","21792","RX-4"
"20000598","21793","President"
"20000599","21794","RX-8"
"20000600","21795","Previa"
"20000601","21796","Rabbit"
"20000602","21797","Prizm"
"20000603","21798","Rainier"
"20000604","21799","Rallye"
"20000605","21800","Protege"
"20000606","21801","Prowler"
"20000607","21802","Ram 2500"
"20000608","21803","Ram 50"
"20000609","21804","Ram Wagon"
"20000610","21805","Rambler 6"
"20000611","21806","Q45"
"20000612","21807","Rampage"
"20000613","21808","QX4"
"20000614","21809","Ranchero"
"20000615","21810","Quadrifoglio"
"20000616","21811","Range Rover Sport"
"20000617","21812","Quantum"
"20000618","21813","Rapier"
"20000619","21814","Quattroporte"
"20000620","21815","Rebel"
"20000621","21816","R-10"
"20000622","21817","Regency"
"20000623","21818","R-110"
"20000624","21819","Relay"
"20000625","21820","R-120"
"20000626","21821","Reliant Custom"
"20000627","21822","R-15"
"20000628","21823","R-17"
"20000629","21824","R-Class"
"20000630","21825","R100"
"20000631","21826","Reno"
"20000632","21827","R32"
"20000633","21828","Rio"
"20000634","21829","RA-120"
"20000635","21830","Riviera"
"20000636","21831","RDX"
"20000637","21832","Roadmaster"
"20000638","21833","RM-120"
"20000639","21834","Roadster"
"20000640","21835","RS6"
"20000641","21836","Rocky"
"20000642","21837","RX"
"20000643","21838","Rodeo Sport"
"20000644","21839","RX 330"
"20000645","21840","Rondo"
"20000646","21841","RX 400h"
"20000647","21842","Royal"
"20000648","21843","S"
"20000649","21844","S-10 Blazer"
"20000650","21845","S-110"
"20000651","21846","S-130"
"20000652","21847","S-15 Pickup"
"20000653","21848","RX-3"
"20000654","21849","S-55"
"20000655","21850","RX-7"
"20000656","21851","S-Type"
"20000657","21852","RXT"
"20000658","21853","S2"
"20000659","21854","Raider"
"20000660","21855","S3"
"20000661","21856","Rally"
"20000662","21857","S40"
"20000663","21858","Ram 1500"
"20000664","21859","S6"
"20000665","21860","Ram 3500"
"20000666","21861","Ram Van"
"20000667","21862","S7"
"20000668","21863","S8"
"20000669","21864","S90"
"20000670","21865","SA"
"20000671","21866","Rambler"
"20000672","21867","SA25"
"20000673","21868","Ramcharger"
"20000674","21869","SC 300"
"20000675","21870","Ranch"
"20000676","21871","SC 430"
"20000677","21872","Range Rover"
"20000678","21873","SF"
"20000679","21874","Ranger"
"20000680","21875","SL"
"20000681","21876","Reatta"
"20000682","21877","SLK-Class"
"20000683","21878","Regal"
"20000684","21879","SLX"
"20000685","21880","Regent"
"20000686","21881","SM-120"
"20000687","21882","Reliant"
"20000688","21883","Rendezvous"
"20000689","21884","Ridgeline"
"20000690","21885","Rio5"
"20000691","21886","Roadking"
"20000692","21887","SRX"
"20000693","21888","Roadrunner"
"20000694","21889","STD"
"20000695","21890","Rockne"
"20000696","21891","SVX"
"20000697","21892","Rodeo"
"20000698","21893","SX4"
"20000699","21894","Rogue"
"20000700","21896","Routan"
"20000701","21897","Safari"
"20000702","21898","Runabout"
"20000703","21899","Santa Fe"
"20000704","21900","S-10"
"20000705","21901","Saratoga"
"20000706","21902","S-100"
"20000707","21903","S-120"
"20000708","21904","S-15 Jimmy"
"20000709","21905","S-5"
"20000710","21906","S-Class"
"20000711","21907","Savana 1500"
"20000712","21908","S1"
"20000713","21909","Scamp"
"20000714","21910","S2000"
"20000715","21911","Scorpio"
"20000716","21912","S4"
"20000717","21913","Scout"
"20000718","21914","S5"
"20000719","21915","Scout 800"
"20000720","21916","S60"
"20000721","21917","Scout 800B"
"20000722","21918","S70"
"20000723","21919","Scrambler"
"20000724","21920","S80"
"20000725","21921","Sebring"
"20000726","21922","S98"
"20000727","21923","SA-120"
"20000728","21924","SC"
"20000729","21925","SC 400"
"20000730","21926","SD"
"20000731","21927","Sedan Delivery"
"20000732","21928","SH"
"20000733","21929","Seneca"
"20000734","21930","SL-Class"
"20000735","21931","Sentra"
"20000736","21932","SLR McLaren"
"20000737","21933","Sequoia"
"20000738","21934","SM"
"20000739","21935","Series 100"
"20000740","21936","SM-130"
"20000741","21937","Series 121"
"20000742","21938","SSR"
"20000743","21939","Series 129"
"20000744","21940","STS"
"20000745","21941","Series 15 Deluxe"
"20000746","21942","SW"
"20000747","21944","Sable"
"20000748","21945","Samurai"
"20000749","21946","Series 19A"
"20000750","21947","Sapporo"
"20000751","21948","Series 29A"
"20000752","21949","Satellite"
"20000753","21950","Series 2M"
"20000754","21951","Savoy"
"20000755","21952","Series 341"
"20000756","21953","Scirocco"
"20000757","21954","Series 355"
"20000758","21955","Scoupe"
"20000759","21956","Series 40"
"20000760","21957","Scout 80"
"20000761","21958","Series 421-J"
"20000762","21959","Scout 800A"
"20000763","21960","Series 452"
"20000764","21961","Scout II"
"20000765","21962","Series 50"
"20000766","21963","Series 518-D"
"20000767","21964","Series 521-J"
"20000768","21965","Series 527-T"
"20000769","21966","Screen"
"20000770","21967","Series 60 Special"
"20000771","21968","Second Series"
"20000772","21969","Series 618-D"
"20000773","21970","Sedona"
"20000774","21971","Series 62"
"20000775","21972","Senior"
"20000776","21973","Series 621-O"
"20000777","21974","Sephia"
"20000778","21975","Series 65"
"20000779","21976","Series 09A"
"20000780","21977","Series 67"
"20000781","21978","Series 116"
"20000782","21979","Series 72"
"20000783","21980","Series 126"
"20000784","21981","Series 77"
"20000785","21982","Series 15"
"20000786","21983","Series 150"
"20000787","21984","Series 200"
"20000788","21985","Series 2CM"
"20000789","21986","Series 314"
"20000790","21987","Series 353"
"20000791","21988","Series 80"
"20000792","21989","Series 822-E"
"20000793","21990","Series 370"
"20000794","21991","Series 825-H"
"20000795","21992","Series 417-W"
"20000796","21993","Series 427-T"
"20000797","21994","Series 89M"
"20000798","21995","Series 490"
"20000799","21996","Series 90"
"20000800","21997","Series 9CM"
"20000801","21998","Series 517-W"
"20000802","21999","Series 52"
"20000803","22000","Series B-216"
"20000804","22001","Series 521-O"
"20000805","22002","Series C-221"
"20000806","22003","Series D2"
"20000807","22004","Series F-222"
"20000808","22005","Series F-442"
"20000809","22006","Series F5"
"20000810","22007","Series FB"
"20000811","22008","Series G-70"
"20000812","22009","Series H-225"
"20000813","22010","Series H3"
"20000814","22011","Series I"
"20000815","22012","Series I-326"
"20000816","22013","Series 60"
"20000817","22014","Series 61"
"20000818","22015","Series I-50"
"20000819","22016","Series III"
"20000820","22017","Series 618-G"
"20000821","22018","Series 621-N"
"20000822","22019","Series K-421"
"20000823","22020","Series 63"
"20000824","22021","Series KK-421"
"20000825","22022","Series 66"
"20000826","22023","Series 70"
"20000827","22024","Series 75"
"20000828","22025","Series 79M"
"20000829","22026","Series L-218"
"20000830","22027","Series OCM"
"20000831","22028","Series 80-L"
"20000832","22029","Series R-10"
"20000833","22030","Series 822-ES"
"20000834","22031","Series R-3"
"20000835","22032","Series 85"
"20000836","22033","Series R-7"
"20000837","22034","Series 9"
"20000838","22035","Series Six"
"20000839","22036","Series 99A"
"20000840","22037","Seven"
"20000841","22038","Series A"
"20000842","22039","Series C"
"20000843","22040","Shadow"
"20000844","22041","Series CV"
"20000845","22043","Sidekick"
"20000846","22044","Sierra 1500"
"20000847","22045","Sierra 3500"
"20000848","22046","Series F"
"20000849","22047","Sigma"
"20000850","22048","Series F-322"
"20000851","22049","Silver Cloud I"
"20000852","22050","Series F-58"
"20000853","22051","Silver Cloud III"
"20000854","22052","Series FA"
"20000855","22053","Silver Hawk"
"20000856","22054","Series G"
"20000857","22055","Silver Shadow"
"20000858","22056","Series H"
"20000859","22057","Silver Spur"
"20000860","22058","Series H2"
"20000861","22059","Silver Wraith"
"20000862","22060","Series H4"
"20000863","22061","Silverado 1500"
"20000864","22062","Series I-226"
"20000865","22063","Series I-426"
"20000866","22064","Series II"
"20000867","22065","Series K-321"
"20000868","22066","Series KK-321A"
"20000869","22067","Series L"
"20000870","22068","Series M"
"20000871","22069","Series R-1"
"20000872","22070","Silverado 3500"
"20000873","22071","Series R-12"
"20000874","22072","Single Eight"
"20000875","22073","Six"
"20000876","22074","Series R-4"
"20000877","22075","Sky"
"20000878","22076","Series S-214"
"20000879","22077","Skylark"
"20000880","22078","Series V-237"
"20000881","22079","Skyway"
"20000882","22080","Seville"
"20000883","22081","Shelby Cobra"
"20000884","22082","Somerset"
"20000885","22083","Sonett"
"20000886","22084","Sorento"
"20000887","22085","Special 150"
"20000888","22086","Special 66"
"20000889","22087","Special DeLuxe"
"20000890","22088","Special Eight"
"20000891","22089","Special Series"
"20000892","22090","Spectra"
"20000893","22091","Spectrum"
"20000894","22092","Spider 2000"
"20000895","22093","Spitfire"
"20000896","22094","Sport Series"
"20000897","22095","Sportage"
"20000898","22096","Sportvan"
"20000899","22097","Sprint"
"20000900","22098","Sprite"
"20000901","22099","Shrike"
"20000902","22100","Sprite Mk III"
"20000903","22101","Sienna"
"20000904","22102","Squire"
"20000905","22103","Stag"
"20000906","22104","Standard"
"20000907","22105","Standard PF"
"20000908","22106","Standard Six"
"20000909","22107","Sierra 2500"
"20000910","22108","Star Chief"
"20000911","22109","Sierra 1500 Hybrid"
"20000912","22110","Starfire"
"20000913","22111","Silhouette"
"20000914","22112","Starlet"
"20000915","22113","Silver Cloud II"
"20000916","22114","State President"
"20000917","22115","Silver Dawn"
"20000918","22116","Station Wagon"
"20000919","22117","Silver Seraph"
"20000920","22118","Stepside Pickup"
"20000921","22119","Silver Spirit"
"20000922","22120","Strada"
"20000923","22121","Silver Streak"
"20000924","22122","Streamliner"
"20000925","22123","Stylemaster"
"20000926","22124","Suburban"
"20000927","22125","Sunbird"
"20000928","22126","Sunfire"
"20000929","22127","Silver Wraith II"
"20000930","22128","Silverado 2500"
"20000931","22129","Super"
"20000932","22130","Super Bee"
"20000933","22131","Silverado 1500 Hybrid"
"20000934","22132","Super Chief"
"20000935","22133","Single Six"
"20000936","22134","Super Deluxe"
"20000937","22135","Sixty Special"
"20000938","22136","Super Jet"
"20000939","22137","Skyhawk"
"20000940","22138","Super V8"
"20000941","22139","Skyliner"
"20000942","22140","Superamerica"
"20000943","22141","Solstice"
"20000944","22142","Superfast"
"20000945","22143","Supra"
"20000946","22144","T1"
"20000947","22145","T1000"
"20000948","22146","Sonata"
"20000949","22147","TC by Maserati"
"20000950","22148","Sonoma"
"20000951","22149","TF"
"20000952","22150","Special"
"20000953","22151","TR2"
"20000954","22152","Special 25"
"20000955","22153","Special 68"
"20000956","22154","TR3"
"20000957","22155","Special Deluxe"
"20000958","22156","TR6"
"20000959","22157","TR8"
"20000960","22158","Special PF"
"20000961","22159","TT"
"20000962","22160","Special Six"
"20000963","22161","Spectra5"
"20000964","22162","Tahoe"
"20000965","22163","Talbot"
"20000966","22164","Taurus"
"20000967","22165","Tempest"
"20000968","22166","Tercel"
"20000969","22167","Terraza"
"20000970","22168","Thing"
"20000971","22169","Tiara"
"20000972","22170","Tiger"
"20000973","22171","Titan"
"20000974","22172","Spider"
"20000975","22173","Torino"
"20000976","22174","Spirit"
"20000977","22175","Torino Brougham"
"20000978","22176","Sport Fury"
"20000979","22177","Torino GT"
"20000980","22178","Sport Wagon"
"20000981","22179","Torpedo"
"20000982","22180","Sports Sedan"
"20000983","22181","Torpedo JA"
"20000984","22183","Sprinter"
"20000985","22184","Sprite Mk II"
"20000986","22185","Spyder"
"20000987","22186","St Regis"
"20000988","22187","Torpedo JC"
"20000989","22188","Stake"
"20000990","22189","Touareg"
"20000991","22190","Standard Eight"
"20000992","22191","Town & Country"
"20000993","22192","Standard PG"
"20000994","22193","Town Panel"
"20000995","22194","Stanza"
"20000996","22195","Tracker"
"20000997","22196","Starchief"
"20000998","22197","TrailBlazer"
"20000999","22198","Starion"
"20001000","22199","Trans Sport"
"20001001","22200","State Commander"
"20001002","22201","Traveller"
"20001003","22202","Statesman"
"20001004","22203","Stealth"
"20001005","22204","Storm"
"20001006","22205","Stratus"
"20001007","22206","Styleline"
"20001008","22207","Tredia"
"20001009","22208","Stylus"
"20001010","22209","Tribute"
"20001011","22210","Summit"
"20001012","22211","Trooper"
"20001013","22212","Sundance"
"20001014","22213","Tundra"
"20001015","22214","Sunliner"
"20001016","22215","Turbo RL"
"20001017","22216","Super 88"
"20001018","22217","Turbo S"
"20001019","22218","Super Beetle"
"20001020","22219","Turnpike Cruiser"
"20001021","22220","Super Custom"
"20001022","22221","Twin Ignition"
"20001023","22222","Super Eight"
"20001024","22223","Super Six"
"20001025","22224","Super V8 Portfolio"
"20001026","22225","Superba"
"20001027","22226","Twin Six"
"20001028","22227","Superior"
"20001029","22228","Type 3"
"20001030","22229","Swift"
"20001031","22230","Type 53"
"20001032","22231","T100"
"20001033","22232","Type 57"
"20001034","22233","T2"
"20001035","22234","Type 61"
"20001036","22235","TD"
"20001037","22236","Type A"
"20001038","22237","TL"
"20001039","22238","Type C"
"20001040","22239","TR250"
"20001041","22240","Type E"
"20001042","22241","TR4"
"20001043","22242","Type G"
"20001044","22243","Universal"
"20001045","22244","Urraco"
"20001046","22245","V-63"
"20001047","22246","TR7"
"20001048","22247","V12 Vanquish"
"20001049","22248","TSX"
"20001050","22249","V30"
"20001051","22250","Tacoma"
"20001052","22251","V50"
"20001053","22252","Tahoe Hybrid"
"20001054","22253","V8 Vantage"
"20001055","22254","Talon"
"20001056","22255","VIP"
"20001057","22256","Taurus X"
"20001058","22257","Valiant"
"20001059","22258","Tempo"
"20001060","22259","Vanagon"
"20001061","22260","Terra"
"20001062","22261","Vandura"
"20001063","22262","Testarossa"
"20001064","22263","Thunderbird"
"20001065","22264","Tiburon"
"20001066","22265","Tiguan"
"20001067","22266","Vantage"
"20001068","22267","Topaz"
"20001069","22268","VehiCROSS"
"20001070","22269","Torino 500"
"20001071","22270","Venture"
"20001072","22271","Torino Cobra"
"20001073","22272","Veracruz"
"20001074","22273","Toronado"
"20001075","22274","Versa"
"20001076","22275","Torpedo 29"
"20001077","22276","Vibe"
"20001078","22277","Torpedo JB"
"20001079","22278","Victory"
"20001080","22279","Torrent"
"20001081","22280","Villager"
"20001082","22281","Touareg 2"
"20001083","22282","Virage"
"20001084","22283","Vision"
"20001085","22284","Vitara"
"20001086","22285","Volante"
"20001087","22286","Town Car"
"20001088","22287","Voyager"
"20001089","22288","Tracer"
"20001090","22289","Vue Green Line"
"20001091","22290","Trail Duster"
"20001092","22291","W100"
"20001093","22292","TrailBlazer EXT"
"20001094","22293","W250"
"20001095","22294","Traveler"
"20001096","22295","Wagon"
"20001097","22296","Traverse"
"20001098","22297","Wagoneer"
"20001099","22298","Tribeca"
"20001100","22299","Wayfarer"
"20001101","22300","Tribute Hybrid"
"20001102","22301","Windsor"
"20001103","22302","Tucson"
"20001104","22303","Turbo R"
"20001105","22304","Turbo RT"
"20001106","22305","Turismo"
"20001107","22306","Wrangler"
"20001108","22307","Twelve"
"20001109","22308","X-Type"
"20001110","22309","Twin Ignition Six"
"20001111","22310","X3"
"20001112","22311","Two-Litre"
"20001113","22312","X6"
"20001114","22313","XC70"
"20001115","22314","Type 51"
"20001116","22315","XF"
"20001117","22316","Type 55"
"20001118","22317","XG350"
"20001119","22318","Type 59"
"20001120","22319","Type 62"
"20001121","22320","XJ12"
"20001122","22321","Type B"
"20001123","22322","XJ8"
"20001124","22323","XJR-S"
"20001125","22324","XK"
"20001126","22325","XK 140"
"20001127","22326","XK8"
"20001128","22327","XKR"
"20001129","22328","XL7"
"20001130","22329","XR4Ti"
"20001131","22330","Xterra"
"20001132","22331","Yaris"
"20001133","22332","Yukon Hybrid"
"20001134","22333","Z3"
"20001135","22334","Z4 M"
"20001136","22335","ZX2"
"20001137","22336","Zephyr"
"20001138","22337","del Sol"
"20001139","22338","i-290"
"20001140","22339","i-370"
"20001141","22340","xA"
"20001142","22341","xD"
"20001143","22342","Type D"
"20001144","22343","Type F"
"20001145","22344","Type H"
"20001146","22345","Uplander"
"20001147","22346","Utility"
"20001148","22347","V-8"
"20001149","22348","V20"
"20001150","22349","V40"
"20001151","22350","V70"
"20001152","22351","V90"
"20001153","22352","Vagabond"
"20001154","22353","Van"
"20001155","22354","Vanden Plas"
"20001156","22356","Vega"
"20001157","22357","Ventura"
"20001158","22358","Venza"
"20001159","22359","Verona"
"20001160","22360","Versailles"
"20001161","22361","Victoria"
"20001162","22362","Vigor"
"20001163","22363","Viper"
"20001164","22364","Virginian"
"20001165","22365","Vista Cruiser"
"20001166","22366","Vitesse"
"20001167","22367","Volare"
"20001168","22368","Vue"
"20001169","22369","Vue Hybrid"
"20001170","22370","W150"
"20001171","22371","W350"
"20001172","22372","Wagonaire"
"20001173","22373","Wasp"
"20001174","22374","Wildcat"
"20001175","20229","100"
"20001176","20230","10"
"20001177","20231","100-6"
"20001178","20232","1000"
"20001179","20233","1000B"
"20001180","20234","1000A"
"20001181","20235","1000D"
"20001182","20236","1000C"
"20001183","20237","100S"
"20001184","20238","100M"
"20001185","20239","105"
"20001186","20240","1010"
"20001187","20241","1100"
"20001188","20242","110"
"20001189","20243","1100A"
"20001190","20244","1100C"
"20001191","20245","1100R"
"20001192","20246","115-R Skylark"
"20001193","20247","12"
"20001194","20248","1200"
"20001195","20249","1200B"
"20001196","20250","1200D"
"20001197","20251","1202"
"20001198","20252","1100B"
"20001199","20253","1100D"
"20001200","20254","1208"
"20001201","20255","1110"
"20001202","20256","120C"
"20001203","20257","115C"
"20001204","20258","1210"
"20001205","20259","120"
"20001206","20260","124"
"20001207","20261","1200A"
"20001208","20262","1300"
"20001209","20263","1300B"
"20001210","20264","1300D"
"20001211","20265","1310"
"20001212","20266","138CD"
"20001213","20267","1400"
"20001214","20268","1200C"
"20001215","20269","1402"
"20001216","20270","1201"
"20001217","20271","1407"
"20001218","20272","1207"
"20001219","20273","142"
"20001220","20274","120B"
"20001221","20275","145"
"20001222","20276","120CD"
"20001223","20277","1500"
"20001224","20278","122"
"20001225","20279","1506"
"20001226","20280","1508"
"20001227","20281","128"
"20001228","20282","160"
"20001229","20283","1601"
"20001230","20284","1602"
"20001231","20285","1607"
"20001232","20286","1300A"
"20001233","20287","1608"
"20001234","20288","1300C"
"20001235","20289","170"
"20001236","20290","131"
"20001237","20291","1707"
"20001238","20292","135"
"20001239","20293","170D"
"20001240","20294","180"
"20001241","20295","14"
"20001242","20296","1401"
"20001243","20297","180A"
"20001244","20298","190"
"20001245","20299","1403"
"20001246","20300","190SL"
"20001247","20301","1408"
"20001248","20302","2.4"
"20001249","20303","200"
"20001250","20304","2000"
"20001251","20305","2000 Series"
"20001252","20306","2002"
"20001253","20307","200SX"
"20001254","20308","2011"
"20001255","20309","206 Dino GT"
"20001256","20310","144"
"20001257","20311","210"
"20001258","20312","150"
"20001259","20313","219"
"20001260","20314","1500 S"
"20001261","20315","220 SEb"
"20001262","20316","1507"
"20001263","20317","220A"
"20001264","20318","16"
"20001265","20319","220SE"
"20001266","20320","1600"
"20001267","20321","228"
"20001268","20322","1601D"
"20001269","20323","1603"
"20001270","20324","1607-8 V-12"
"20001271","20325","164"
"20001272","20326","1700"
"20001273","20327","1708"
"20001274","20328","1750"
"20001275","20329","1800"
"20001276","20330","18i"
"20001277","20331","1900"
"20001278","20332","2301"
"20001279","20333","1st Series"
"20001280","20334","20/25"
"20001281","20335","230SL"
"20001282","20336","200 SX"
"20001283","20337","240D"
"20001284","20338","2000 GT"
"20001285","20339","240Z"
"20001286","20340","2000/2000TC"
"20001287","20341","242 DL"
"20001288","20342","200D"
"20001289","20343","2010"
"20001290","20344","2021"
"20001291","20345","21"
"20001292","20346","2100"
"20001293","20347","242GT"
"20001294","20348","220"
"20001295","20349","244DL"
"20001296","20350","2201"
"20001297","20351","245DL"
"20001298","20352","220S"
"20001299","20353","250"
"20001300","20354","2211"
"20001301","20355","250C"
"20001302","20356","230"
"20001303","20357","230S"
"20001304","20358","250SE"
"20001305","20359","240"
"20001306","20360","2600"
"20001307","20361","240SX"
"20001308","20362","262C"
"20001309","20363","264"
"20001310","20364","264GLE"
"20001311","20365","265GL"
"20001312","20366","280"
"20001313","20367","242"
"20001314","20368","280C"
"20001315","20369","242DL"
"20001316","20370","280E"
"20001317","20371","244"
"20001318","20372","280SE"
"20001319","20373","245"
"20001320","20374","280SL"
"20001321","20375","246"
"20001322","20376","280ZX"
"20001323","20377","2500"
"20001324","20378","29"
"20001325","20379","250S"
"20001326","20380","250SL"
"20001327","20381","2nd Series"
"20001328","20382","260Z"
"20001329","20383","262GL"
"20001330","20384","264GL"
"20001331","20385","265"
"20001332","20386","3.0"
"20001333","20387","265GLE"
"20001334","20388","300"
"20001335","20389","2800"
"20001336","20390","3000 Mk II"
"20001337","20391","280CE"
"20001338","20392","3000GT"
"20001339","20393","280S"
"20001340","20394","300C"
"20001341","20395","280SEL"
"20001342","20396","300D"
"20001343","20397","280Z"
"20001344","20398","300S"
"20001345","20399","289"
"20001346","20400","300SE"
"20001347","20401","2CV"
"20001348","20402","300SL"
"20001349","20403","300ZX"
"20001350","20404","304"
"20001351","20405","310"
"20001352","20406","320"
"20001353","20408","325"
"20001354","20409","330"
"20001355","20410","3-Litre"
"20001356","20411","340"
"20001357","20412","3.4"
"20001358","20413","348"
"20001359","20414","3000"
"20001360","20415","350 GT"
"20001361","20416","3000 Mk III"
"20001362","20417","3500/3500S"
"20001363","20418","300B"
"20001364","20419","350Z"
"20001365","20420","360 Modena"
"20001366","20421","300CD"
"20001367","20422","380SEC"
"20001368","20423","380SL"
"20001369","20424","40"
"20001370","20425","400 GT"
"20001371","20426","400i"
"20001372","20427","300M"
"20001373","20428","404"
"20001374","20429","300SD"
"20001375","20430","410"
"20001376","20431","300SEL"
"20001377","20432","412"
"20001378","20433","300TD"
"20001379","20434","428"
"20001380","20435","303"
"20001381","20436","440"
"20001382","20437","308"
"20001383","20438","444"
"20001384","20439","318"
"20001385","20440","450SE"
"20001386","20441","450SL"
"20001387","20442","3200"
"20001388","20443","323"
"20001389","20444","328"
"20001390","20445","335"
"20001391","20446","456 GT"
"20001392","20447","345"
"20001393","20448","4CV"
"20001394","20449","350"
"20001395","20450","50"
"20001396","20451","3500"
"20001397","20452","500 XL"
"20001398","20453","350SL"
"20001399","20454","501"
"20001400","20455","356"
"20001401","20456","503"
"20001402","20457","365"
"20001403","20458","505"
"20001404","20459","380SEL"
"20001405","20460","380SLC"
"20001406","20461","510"
"20001407","20462","400"
"20001408","20463","4000"
"20001409","20464","403"
"20001410","20465","405"
"20001411","20466","512 M"
"20001412","20467","411"
"20001413","20468","52"
"20001414","20469","420"
"20001415","20470","525"
"20001416","20471","430"
"20001417","20472","53"
"20001418","20473","442"
"20001419","20474","445"
"20001420","20475","533"
"20001421","20476","450SEL"
"20001422","20477","54"
"20001423","20478","450SLC"
"20001424","20479","541"
"20001425","20480","456 M"
"20001426","20481","545"
"20001427","20482","4Runner"
"20001428","20483","500"
"20001429","20484","5000"
"20001430","20485","502"
"20001431","20486","504"
"20001432","20487","550"
"20001433","20488","507"
"20001434","20489","550 Maranello"
"20001435","20490","512"
"20001436","20491","575 M"
"20001437","20492","512 TR"
"20001438","20493","60"
"20001439","20494","524"
"20001440","20495","600"
"20001441","20496","528"
"20001442","20497","600D"
"20001443","20498","530"
"20001444","20499","61"
"20001445","20500","535"
"20001446","20501","612 Scaglietti"
"20001447","20502","540"
"20001448","20503","544"
"20001449","20504","55"
"20001450","20505","550 Barchetta"
"20001451","20506","56"
"20001452","20507","618"
"20001453","20508","599 GTB Fiorano"
"20001454","20509","626"
"20001455","20510","60/75"
"20001456","20511","633"
"20001457","20512","6000"
"20001458","20513","640"
"20001459","20514","604"
"20001460","20515","650"
"20001461","20516","610"
"20001462","20517","660"
"20001463","20518","616"
"20001464","20519","680"
"20001465","20520","620"
"20001466","20521","6AA"
"20001467","20522","630"
"20001468","20523","635"
"20001469","20524","645"
"20001470","20525","66"
"20001471","20526","6C-2500"
"20001472","20527","68"
"20001473","20528","710"
"20001474","20529","690"
"20001475","20530","733"
"20001476","20531","6AB"
"20001477","20532","735"
"20001478","20533","700"
"20001479","20534","745"
"20001480","20535","726"
"20001481","20536","750"
"20001482","20537","734"
"20001483","20538","760"
"20001484","20539","740"
"20001485","20540","78"
"20001486","20541","75"
"20001487","20542","80"
"20001488","20543","810"
"20001489","20544","826"
"20001490","20545","833"
"20001491","20546","850"
"20001492","20547","88"
"20001493","20548","8V"
"20001494","20549","9-3"
"20001495","20550","76"
"20001496","20551","9-7X"
"20001497","20552","760GT"
"20001498","20553","900"
"20001499","20554","780"
"20001500","20555","900A"
"20001501","20556","808"
"20001502","20557","902"
"20001503","20558","825"
"20001504","20559","905"
"20001505","20560","827"
"20001506","20561","908B"
"20001507","20562","840"
"20001508","20563","870"
"20001509","20564","880"
"20001510","20565","9-2X"
"20001511","20566","9-5"
"20001512","20567","911"
"20001513","20568","90"
"20001514","20569","914"
"20001515","20570","9000"
"20001516","20571","924"
"20001517","20572","901"
"20001518","20573","929"
"20001519","20574","904"
"20001520","20575","930"
"20001521","20576","906"
"20001522","20577","944"
"20001523","20578","908C"
"20001524","20579","96"
"20001525","20580","912"
"20001526","20581","968"
"20001527","20582","92"
"20001528","20583","928"
"20001529","20584","93"
"20001530","20585","940"
"20001531","20586","95"
"20001532","20587","98"
"20001533","20588","960"
"20001534","20589","A"
"20001535","20590","970"
"20001536","20591","A3"
"20001537","20592","99"
"20001538","20593","A5"
"20001539","20594","A-1"
"20001540","20595","A8"
"20001541","20596","A4"
"20001542","20597","AA35"
"20001543","20598","A6"
"20001544","20599","AMI-6"
"20001545","20600","AA"
"20001546","20601","AW"
"20001547","20602","AIV Roadster"
"20001548","20603","AMX"
"20001549","20604","AW-1"
"20001550","20605","Accent"
"20001551","20606","Accord"
"20001552","20607","Acadia"
"20001553","20608","Ace"
"20001554","20609","Acclaim"
"20001555","20610","Achieva"
"20001556","20611","Accord Hybrid"
"20001557","20612","Advanced Eight"
"20001558","20613","Aceca"
"20001559","20614","Adventurer"
"20001560","20615","Advanced"
"20001561","20616","Aero"
"20001562","20617","Advanced Six"
"20001563","20618","Aerostar"
"20001564","20619","Aerio"
"20001565","20620","Airflow III"
"20001566","20621","Aero 8"
"20001567","20622","Airstream"
"20001568","20623","Alero"
"20001569","20624","Allante"
"20001570","20625","ALPINA B7"
"20001571","20626","Altima"
"20001572","20627","Airflow"
"20001573","20628","Airman"
"20001574","20629","Amanti"
"20001575","20630","Ajax"
"20001576","20631","Ambassador 6"
"20001577","20632","Alfetta"
"20001578","20633","Ambassador Super 8"
"20001579","20634","Alliance"
"20001580","20635","Amigo"
"20001581","20636","Alpine"
"20001582","20637","Aries"
"20001583","20638","Arnage"
"20001584","20639","Altima Hybrid"
"20001585","20640","Ambassador"
"20001586","20641","Ascender"
"20001587","20642","Ambassador 8"
"20001588","20643","American"
"20001589","20644","Apollo"
"20001590","20645","Armada"
"20001591","20646","Arrow"
"20001592","20647","Aspen Hybrid"
"20001593","20648","Aspen"
"20001594","20649","Astra"
"20001595","20650","Astro"
"20001596","20651","Aspire"
"20001597","20652","Aura Green Line"
"20001598","20653","Astre"
"20001599","20654","Aurora"
"20001600","20655","Aura"
"20001601","20656","Avalanche"
"20001602","20657","Aura Hybrid"
"20001603","20658","Avalon"
"20001604","20659","Autocrat"
"20001605","20661","Avanti II"
"20001606","20662","Avanti"
"20001607","20663","Avenger"
"20001608","20665","Axiom"
"20001609","20666","Azera"
"20001610","20667","Aveo"
"20001611","20668","Azure"
"20001612","20669","Aviator"
"20001613","20670","B-102"
"20001614","20671","Axxess"
"20001615","20672","B-112"
"20001616","20673","Aztek"
"20001617","20674","B-100"
"20001618","20675","B-122"
"20001619","20676","B-110"
"20001620","20677","B-132"
"20001621","20678","B-120"
"20001622","20679","B210"
"20001623","20680","B-130"
"20001624","20681","B2300"
"20001625","20682","B2000"
"20001626","20683","B2200"
"20001627","20684","B2500"
"20001628","20685","B3000"
"20001629","20686","B2600"
"20001630","20687","B9 Tribeca"
"20001631","20688","B4000"
"20001632","20689","Barracuda"
"20001633","20690","Baja"
"20001634","20691","New Beetle"
"20001635","20692","Bavaria"
"20001636","20693","Belvedere"
"20001637","20694","Bel Air"
"20001638","20695","Beretta"
"20001639","20696","Biarritz"
"20001640","20697","Big Boy"
"20001641","20698","Big Six"
"20001642","20699","Biscayne"
"20001643","20700","Biturbo"
"20001644","20701","Blackwood"
"20001645","20702","Blazer"
"20001646","20703","Bobcat"
"20001647","20704","Bora"
"20001648","20705","Boxster"
"20001649","20706","Brava"
"20001650","20707","Bluebird"
"20001651","20708","Breeze"
"20001652","20709","Bonneville"
"20001653","20710","Bronco II"
"20001654","20711","Borrego"
"20001655","20712","Brookwood"
"20001656","20713","Brat"
"20001657","20714","Brunn"
"20001658","20715","Bravada"
"20001659","20716","Business PJ"
"20001660","20717","Bronco"
"20001661","20718","C-10"
"20001662","20719","Brooklands"
"20001663","20720","C-1000"
"20001664","20721","Brougham"
"20001665","20722","C-110"
"20001666","20723","C-112"
"20001667","20724","C-120"
"20001668","20725","C-122"
"20001669","20726","C-1300"
"20001670","20727","C-15"
"20001671","20728","Business"
"20001672","20729","C-900"
"20001673","20730","C-1"
"20001674","20731","C-V8"
"20001675","20732","C-100"
"20001676","20733","C20/K20"
"20001677","20734","C-102"
"20001678","20735","C30/K30"
"20001679","20736","C-1100"
"20001680","20737","CA"
"20001681","20738","C-12"
"20001682","20739","CD"
"20001683","20740","C-1200"
"20001684","20741","CG"
"20001685","20742","C-130"
"20001686","20743","C-132"
"20001687","20744","C-5"
"20001688","20745","C-Class"
"20001689","20746","CI"
"20001690","20747","C10/K10"
"20001691","20748","CJ-2A"
"20001692","20749","C30"
"20001693","20750","CJ-3B"
"20001694","20751","C70"
"20001695","20752","CJ-6"
"20001696","20753","CB"
"20001697","20754","CK"
"20001698","20755","CF"
"20001699","20756","CL-Class"
"20001700","20757","CH"
"20001701","20758","CLS-Class"
"20001702","20759","CJ"
"20001703","20760","CO"
"20001704","20761","CJ-3A"
"20001705","20762","CR-V"
"20001706","20763","CT"
"20001707","20764","CX-7"
"20001708","20765","CXT"
"20001709","20766","Cabrio"
"20001710","20767","Calais"
"20001711","20768","California"
"20001712","20769","CJ-5"
"20001713","20770","Camaro"
"20001714","20771","CJ-7"
"20001715","20772","Cameo Carrier"
"20001716","20773","CL"
"20001717","20774","Camry Hybrid"
"20001718","20775","CLK-Class"
"20001719","20776","Canopy"
"20001720","20777","CM-75"
"20001721","20778","Canyon"
"20001722","20779","CP"
"20001723","20780","Capri"
"20001724","20781","CRX"
"20001725","20782","Caprice Classic"
"20001726","20783","Caravan"
"20001727","20784","Caribbean"
"20001728","20785","Carolina"
"20001729","20786","Carrera GT"
"20001730","20787","CTS"
"20001731","20788","CX-9"
"20001732","20789","Catera"
"20001733","20790","Caballero"
"20001734","20791","Cayenne"
"20001735","20792","Cabriolet"
"20001736","20793","Celebrity"
"20001737","20794","Caliber"
"20001738","20795","Centurion"
"20001739","20796","Camargue"
"20001740","20797","Century 6 Model S"
"20001741","20798","Cambridge"
"20001742","20799","Century Series 125"
"20001743","20800","Camry"
"20001744","20801","Century Series M"
"20001745","20802","Camry Solara"
"20001746","20803","Canopy Express"
"20001747","20804","Capital"
"20001748","20805","Caprice"
"20001749","20806","Caravalle"
"20001750","20807","Challenger"
"20001751","20808","Caravelle"
"20001752","20809","Challenger Series"
"20001753","20810","Carina"
"20001754","20811","Champion"
"20001755","20812","Charade"
"20001756","20813","Carrera"
"20001757","20814","Cherokee"
"20001758","20815","Catalina"
"20001759","20816","Chevette"
"20001760","20817","Cavalier"
"20001761","20818","Chieftain"
"20001762","20819","Cayman"
"20001763","20821","Celica"
"20001764","20822","Cirrus"
"20001765","20823","Civic"
"20001766","20824","Classic"
"20001767","20825","Classic Six"
"20001768","20826","Century"
"20001769","20827","Club Wagon"
"20001770","20828","Century 8 Model L"
"20001771","20829","Colony Park"
"20001772","20830","Century Series A"
"20001773","20831","Colt"
"20001774","20832","Challenge Stradale"
"20001775","20833","Comet"
"20001776","20834","Challenger Eight"
"20001777","20835","Commando"
"20001778","20836","Champ"
"20001779","20837","Commodore"
"20001780","20838","Champion Regal"
"20001781","20839","Commuter"
"20001782","20840","Charger"
"20001783","20841","Concord"
"20001784","20842","Chevelle"
"20001785","20843","Chevy II"
"20001786","20844","Chieftain 870"
"20001787","20845","Cimarron"
"20001788","20846","Citation"
"20001789","20847","Confederate"
"20001790","20848","Civic Hybrid"
"20001791","20849","Continental"
"20001792","20850","Classic 6"
"20001793","20851","Continental GT"
"20001794","20852","Clipper"
"20001795","20853","Contour"
"20001796","20854","Cobalt"
"20001797","20855","Cooper Clubman"
"20001798","20856","Colorado"
"20001799","20857","Cooper S Clubman"
"20001800","20858","Comanche"
"20001801","20859","Cordoba"
"20001802","20860","Commander"
"20001803","20861","Corolla"
"20001804","20862","Commercial"
"20001805","20863","Commodore Six"
"20001806","20864","Compass"
"20001807","20865","Concorde"
"20001808","20866","Conquest"
"20001809","20867","Coronet"
"20001810","20868","Continental Flying Spur"
"20001811","20869","Corsair"
"20001812","20870","Continental GTC"
"20001813","20871","Corvair"
"20001814","20872","Cooper"
"20001815","20873","Cosmo"
"20001816","20874","Cooper S"
"20001817","20875","Cosworth Vega"
"20001818","20876","Cordia"
"20001819","20877","Countach"
"20001820","20878","Corniche"
"20001821","20879","Country Club"
"20001822","20880","Corona"
"20001823","20881","Country Squire"
"20001824","20882","Corrado"
"20001825","20883","Corsica"
"20001826","20884","Corvette"
"20001827","20885","Cosmopolitan"
"20001828","20886","Cougar"
"20001829","20887","Country"
"20001830","20888","Coupe Pickup"
"20001831","20889","Country Club Eight"
"20001832","20890","Cranbrook"
"20001833","20891","Coupe"
"20001834","20892","Crestline"
"20001835","20893","Courier"
"20001836","20894","Crestwood"
"20001837","20895","Cressida"
"20001838","20896","Crossfire"
"20001839","20897","Crestliner"
"20001840","20898","Crown Imperial"
"20001841","20899","Cricket"
"20001842","20900","Cruiser"
"20001843","20901","Crown"
"20001844","20902","Custom"
"20001845","20903","Custom 300"
"20001846","20904","Custom 880"
"20001847","20905","Custom Cruiser"
"20001848","20906","Crown Victoria"
"20001849","20907","Custom Eight"
"20001850","20908","Cuda"
"20001851","20909","Custom Six"
"20001852","20910","Custom 12"
"20001853","20911","Cutlass"
"20001854","20912","Custom 500"
"20001855","20913","Cutlass Ciera"
"20001856","20914","Custom 98"
"20001857","20915","Cutlass Salon"
"20001858","20916","Custom Deluxe"
"20001859","20917","Cyclone"
"20001860","20918","Custom Royal"
"20001861","20919","D-1"
"20001862","20920","Customline"
"20001863","20921","D-1100"
"20001864","20922","Cutlass Calais"
"20001865","20923","Cutlass Cruiser"
"20001866","20924","Cutlass Supreme"
"20001867","20925","D"
"20001868","20926","D-1000"
"20001869","20927","D-1300"
"20001870","20928","D-1200"
"20001871","20929","D-2"
"20001872","20930","D-15"
"20001873","20931","D-5"
"20001874","20932","D-2M"
"20001875","20933","D-Type"
"20001876","20934","D-900"
"20001877","20935","D15"
"20001878","20936","D100"
"20001879","20937","D15H"
"20001880","20938","D150"
"20001881","20939","D15LL"
"20001882","20940","D15L"
"20001883","20941","D2"
"20001884","20942","D15M"
"20001885","20943","D21"
"20001886","20944","D29"
"20001887","20945","D5"
"20001888","20946","DA"
"20001889","20947","DB Mark III"
"20001890","20948","D250"
"20001891","20949","DB2/4"
"20001892","20950","D350"
"20001893","20951","DB4GT"
"20001894","20952","D8"
"20001895","20953","DB6"
"20001896","20954","DB"
"20001897","20955","DB7 Vantage"
"20001898","20956","DB2"
"20001899","20957","DBS"
"20001900","20958","DB4"
"20001901","20959","DD"
"20001902","20960","DB5"
"20001903","20961","DB7"
"20001904","20962","DH"
"20001905","20963","DJ-3A"
"20001906","20964","DL"
"20001907","20965","DO"
"20001908","20966","DR"
"20001909","20967","DB9"
"20001910","20968","DS"
"20001911","20969","DC"
"20001912","20970","DS21"
"20001913","20971","DG"
"20001914","20972","DU"
"20001915","20973","DI"
"20001916","20974","Darrin"
"20001917","20975","DK"
"20001918","20976","Dasher"
"20001919","20977","DMC-12"
"20001920","20978","Daytona"
"20001921","20979","DP"
"20001922","20980","DeLuxe Eight"
"20001923","20981","DRXX"
"20001924","20982","DeLuxe PJ"
"20001925","20983","DeVille"
"20001926","20984","Delivery"
"20001927","20985","DS19"
"20001928","20986","Delta 88"
"20001929","20987","DTS"
"20001930","20988","Deluxe 120"
"20001931","20989","Dakota"
"20001932","20990","Deluxe 26"
"20001933","20991","Dart"
"20001934","20992","Deluxe 88"
"20001935","20993","Dauphine"
"20001936","20994","Diablo"
"20001937","20995","Dictator"
"20001938","20996","DeLuxe"
"20001939","20997","Dino"
"20001940","20998","DeLuxe PE"
"20001941","20999","Discovery"
"20001942","21000","DeLuxe Six"
"20001943","21001","Duetto"
"20001944","21002","Defender"
"20001945","21003","Delray"
"20001946","21004","Deluxe"
"20001947","21005","Deluxe 210"
"20001948","21006","Durango Hybrid"
"20001949","21007","Deluxe 28"
"20001950","21008","Dynamic 76"
"20001951","21009","Deluxe Six"
"20001952","21010","Dynamic 88"
"20001953","21011","Diamante"
"20001954","21012","E"
"20001955","21013","Dietrich"
"20001956","21014","E-Class"
"20001957","21015","Diplomat"
"20001958","21016","ECHO"
"20001959","21017","Dragon"
"20001960","21018","EG"
"20001961","21019","Durango"
"20001962","21020","EJ"
"20001963","21021","Duster"
"20001964","21022","EL"
"20001965","21023","EP"
"20001966","21024","ER"
"20001967","21025","ES 300"
"20001968","21026","Dynamic 78"
"20001969","21027","ES 350"
"20001970","21028","Dynasty"
"20001971","21030","E Class"
"20001972","21031","EXP"
"20001973","21032","EC"
"20001974","21033","Eagle 30"
"20001975","21034","ED"
"20001976","21035","Early Special"
"20001977","21036","EH"
"20001978","21037","Eclipse"
"20001979","21038","EK"
"20001980","21039","Edge"
"20001981","21040","EM"
"20001982","21041","Eighty-Eight"
"20001983","21042","EQ"
"20001984","21043","ES 250"
"20001985","21044","ES 330"
"20001986","21045","EU"
"20001987","21046","EX35"
"20001988","21047","Eagle"
"20001989","21048","Eagle 50"
"20001990","21049","Eclat"
"20001991","21050","E150"
"20001992","21051","Eight"
"20001993","21052","El Camino"
"20001994","21053","Elantra"
"20001995","21054","Electra"
"20001996","21055","Element"
"20001997","21056","Elise"
"20001998","21057","Elan"
"20001999","21058","Enclave"
"20002000","21059","Eldorado"
"20002001","21060","Endeavor"
"20002002","21061","Electra 225"
"20002003","21062","Envoy"
"20002004","21063","Envoy XUV"
"20002005","21064","Eos"
"20002006","21065","Equinox"
"20002007","21066","Escalade ESV"
"20002008","21067","Eleven"
"20002009","21068","Escalade Hybrid"
"20002010","21069","Elite"
"20002011","21070","Escape Hybrid"
"20002012","21071","Encore"
"20002013","21072","Espada"
"20002014","21073","Entourage"
"20002015","21074","Esperante"
"20002016","21075","Envoy XL"
"20002017","21076","Esprit V8"
"20002018","21077","Enzo"
"20002019","21078","Estate Wagon"
"20002020","21079","Equator"
"20002021","21080","Europa"
"20002022","21081","Escalade"
"20002023","21082","Excel"
"20002024","21083","Executive"
"20002025","21084","Exige S"
"20002026","21085","Expedition EL"
"20002027","21086","Escalade EXT"
"20002028","21087","Explorer Sport"
"20002029","21088","Escape"
"20002030","21089","Expo"
"20002031","21090","Escort"
"20002032","21091","F"
"20002033","21092","Espada 400 GT"
"20002034","21093","F10"
"20002035","21094","Esprit"
"20002036","21095","F-150"
"20002037","21096","Estate"
"20002038","21097","F-350"
"20002039","21098","Esteem"
"20002040","21099","F40"
"20002041","21100","Eurovan"
"20002042","21101","F-450"
"20002043","21102","Excursion"
"20002044","21103","Exige"
"20002045","21104","Expedition"
"20002046","21105","Explorer"
"20002047","21106","FF-1 Star"
"20002048","21107","Explorer Sport Trac"
"20002049","21108","FX35"
"20002050","21109","Express 1500"
"20002051","21110","FX50"
"20002052","21111","F-85"
"20002053","21112","Fairlane"
"20002054","21113","F100"
"20002055","21114","Fairlane 500 XL"
"20002056","21115","F-250"
"20002057","21116","Fairline"
"20002058","21117","F355"
"20002059","21118","Fairmont Futura"
"20002060","21119","F430"
"20002061","21120","Fast Four"
"20002062","21121","F50"
"20002063","21122","Fiero"
"20002064","21123","Fifth Avenue"
"20002065","21124","Firedome"
"20002066","21125","Firenza"
"20002067","21126","First Series"
"20002068","21127","FJ Cruiser"
"20002069","21128","Fit"
"20002070","21129","FX45"
"20002071","21130","Fleet Special"
"20002072","21131","Fairlady"
"20002073","21132","Fleetmaster"
"20002074","21133","Fairlane 500"
"20002075","21134","Fleetwood"
"20002076","21135","Fairlane GT"
"20002077","21136","Flex"
"20002078","21137","Fairmont"
"20002079","21138","Focus"
"20002080","21139","Falcon"
"20002081","21140","Forenza"
"20002082","21141","Festiva"
"20002083","21142","Four"
"20002084","21143","Freelander"
"20002085","21144","Freestyle"
"20002086","21145","Frontier"
"20002087","21146","Fiesta"
"20002088","21147","Fury"
"20002089","21148","Firebird"
"20002090","21149","Futura"
"20002091","21150","Fireflite"
"20002092","21151","G20"
"20002093","21152","Firesweep"
"20002094","21153","G37"
"20002095","21154","Fisher"
"20002096","21155","G6"
"20002097","21156","Five Hundred"
"20002098","21157","GE"
"20002099","21158","Fleetline"
"20002100","21159","GL-10"
"20002101","21161","GLC"
"20002102","21162","Fleetwood Limo"
"20002103","21163","Flight Hawk"
"20002104","21164","ForTwo"
"20002105","21165","Forester"
"20002106","21166","Fox"
"20002107","21167","GLT"
"20002108","21168","GS 300"
"20002109","21169","Freestar"
"20002110","21170","GS 400"
"20002111","21171","Fregate"
"20002112","21172","GS 450h"
"20002113","21173","Fuego"
"20002114","21174","GS 460"
"20002115","21175","Fusion"
"20002116","21176","GSX Stage I"
"20002117","21177","G-Class"
"20002118","21178","GT 2+2"
"20002119","21179","G35"
"20002120","21180","GT4"
"20002121","21181","G5"
"20002122","21182","GTB"
"20002123","21183","GTI"
"20002124","21184","GTS"
"20002125","21185","GTV-6"
"20002126","21186","G8"
"20002127","21187","GV"
"20002128","21188","GL"
"20002129","21189","Galant"
"20002130","21190","GL-Class"
"20002131","21191","Galaxie 500"
"20002132","21192","GLE"
"20002133","21193","Galaxie LTD"
"20002134","21194","GS"
"20002135","21195","Gallardo"
"20002136","21196","GS 350"
"20002137","21197","Ghibli"
"20002138","21198","GS 430"
"20002139","21199","Giulietta"
"20002140","21200","GS 455"
"20002141","21201","Golden Rocket"
"20002142","21202","GSX"
"20002143","21203","GT"
"20002144","21204","GT-R"
"20002145","21205","GT6"
"20002146","21206","GTC"
"20002147","21207","GTO"
"20002148","21208","Gordini"
"20002149","21209","GTV"
"20002150","21210","Gran Coupe"
"20002151","21211","GTX"
"20002152","21212","Gran Torino"
"20002153","21213","GX 470"
"20002154","21214","Gran Turismo Hawk"
"20002155","21215","Galaxie"
"20002156","21216","GranSport Spyder"
"20002157","21217","Galaxie 500 XL"
"20002158","21218","Granada"
"20002159","21219","Galaxie Special"
"20002160","21220","Grand Am"
"20002161","21221","Genesis"
"20002162","21222","Grand Cherokee"
"20002163","21223","Grand Marquis"
"20002164","21224","Grand Safari"
"20002165","21225","Grand Vitara"
"20002166","21226","Grand Wagoneer"
"20002167","21227","Greater Eight"
"20002168","21228","Gremlin"
"20002169","21229","H1"
"20002170","21230","H2"
"20002171","21231","HHR"
"20002172","21232","Herald"
"20002173","21233","Highlander Hybrid"
"20002174","21234","Horizon"
"20002175","21235","Hummer"
"20002176","21236","I30"
"20002177","21237","ID19"
"20002178","21238","Giulia"
"20002179","21239","IS 300"
"20002180","21240","Golden Hawk"
"20002181","21241","IS-F"
"20002182","21242","Golf"
"20002183","21243","Graduate"
"20002184","21244","Gran Fury"
"20002185","21245","Gran Torino Brougham"
"20002186","21246","GranSport"
"20002187","21247","GranTurismo"
"20002188","21248","Granada Ghia"
"20002189","21249","Grand Caravan"
"20002190","21250","Grand LeMans"
"20002191","21251","Grand Prix"
"20002192","21252","Grand Ville"
"20002193","21253","Grand Voyager"
"20002194","21254","Great Eight"
"20002195","21255","Greater Hudson"
"20002196","21256","H"
"20002197","21257","H1 Alpha"
"20002198","21258","H3"
"20002199","21259","Hawk"
"20002200","21260","Highlander"
"20002201","21261","Hombre"
"20002202","21262","Imperial"
"20002203","21263","Imperial LeBaron"
"20002204","21264","Impulse"
"20002205","21265","Indy"
"20002206","21266","Integra"
"20002207","21267","Interceptor II"
"20002208","21268","Intrepid"
"20002209","21269","Invicta"
"20002210","21270","Isetta"
"20002211","21271","Isuzu"
"20002212","21272","J10"
"20002213","21273","J2000"
"20002214","21274","Jalpa"
"20002215","21275","Hornet"
"20002216","21276","Jarama 400 GT"
"20002217","21277","I-Mark"
"20002218","21278","Javelin"
"20002219","21279","I35"
"20002220","21280","Jeepster Commando"
"20002221","21281","IS 250"
"20002222","21282","Jet"
"20002223","21283","Jetfire"
"20002224","21284","Jetstar 88"
"20002225","21285","Jetta"
"20002226","21286","Journey"
"20002227","21287","Juvaquatre"
"20002228","21288","K-1M"
"20002229","21289","IS 350"
"20002230","21290","K-3"
"20002231","21291","Impala"
"20002232","21292","KB-1"
"20002233","21293","Imperial Eight"
"20002234","21294","KB-2"
"20002235","21295","Impreza"
"20002236","21296","KB-3M"
"20002237","21297","Independence"
"20002238","21298","KM-1"
"20002239","21299","Kadett"
"20002240","21300","Insight"
"20002241","22375","Windstar"
"20002242","22376","X-90"
"20002243","22377","X1/9"
"20002244","22378","X5"
"20002245","22379","XC60"
"20002246","22380","XC90"
"20002247","22381","XG300"
"20002248","22382","XJ"
"20002249","22383","XJ6"
"20002250","22384","XJR"
"20002251","22385","XJS"
"20002252","22386","XK 120"
"20002253","22387","XK 150"
"20002254","22388","XKE"
"20002255","22389","XL"
"20002256","22390","XLR"
"20002257","22391","XT"
"20002258","22392","Y"
"20002259","22393","Yukon"
"20002260","22394","Yukon XL"
"20002261","22395","Z4"
"20002262","22396","Z8"
"20002263","22397","Zagato"
"20002264","22398","allroad"
"20002265","22399","i-280"
"20002266","22400","i-350"
"20002267","22401","tC"
"20002268","22402","xB"
"20002269","26041","Model 115"
"20002270","26042","Model 33L"
"20002271","26043","Model 35L"
"20002272","26044","Model 4-38"
"20002273","26045","Model 4-41"
"20002274","26046","Model 4-44"
"20002275","26047","Model 40H"
"20002276","26048","Model 40M"
"20002277","26049","Model 6-38"
"20002278","26050","Model 30L"
"20002279","26051","Model 6-40"
"20002280","26052","Model 6-44"
"20002281","26053","Model 33M"
"20002282","26054","Model 4-36"
"20002283","26055","Model 6-47"
"20002284","26056","Model 4-40"
"20002285","26057","Model 6-51"
"20002286","26058","Model 4-43"
"20002287","26059","Model 6-66"
"20002288","26060","Model 40A"
"20002289","26061","Model 8-36"
"20002290","26062","Model 40L"
"20002291","26063","Model 40N"
"20002292","26064","Model 8-88"
"20002293","26065","Model 45B"
"20002294","26066","Model 50"
"20002295","26067","Model Y"
"20002296","26068","Model 6-39"
"20002297","26069","Model 6-43"
"20002298","26070","Model 6-45"
"20002299","26071","Model 6-50"
"20002300","26072","Model 6-63"
"20002301","26073","Model 8-77"
"20002302","26074","Model 88"
"20002303","26081","Model 12-160"
"20002304","26082","Model 12-161"
"20002305","26083","Model 120"
"20002306","26084","Model 1250"
"20002307","26085","Model 6-653"
"20002308","26086","Model 6-85"
"20002309","26087","Model 8-101"
"20002310","26088","Model 8-851"
"20002311","26089","Model 8-95"
"20002312","26090","Model 850"
"20002313","26091","Model 12-165"
"20002314","26092","Model 125"
"20002315","26093","Model 6-654"
"20002316","26094","Model 6-80"
"20002317","26095","Model 652"
"20002318","26096","Model 8-100"
"20002319","26097","Model 8-105"
"20002320","26098","Model 8-852"
"20002321","26099","Model 8-90"
"20002322","26100","Model 8-98"
"20002323","26261","H3T"
"20002324","26381","Wrangler Unlimited"
"20002325","26501","E100"
"20002326","26502","E350"
"20002327","26503","Econoline Van"
"20002328","26504","Express 2500"
"20002329","26505","Savana 3500"
"20002330","26506","E250"
"20002331","26507","E350 Super Duty"
"20002332","26508","Express 3500"
"20002333","26509","Savana 2500"
"20002334","26902","3100"
"20002335","27321","CC"
"20002336","27361","Malibu Hybrid"
"20002337","27401","G3"
"20002338","27461","TTS"
"20002339","27481","Landaulet"
"20002340","27621","GLK-Class"
"20002341","27661","Fusion Hybrid"
"20002342","27662","Milan Hybrid"
"20002343","27663","370Z"
"20002344","27664","RX 450h"
"20002345","27681","Q5"
"20002346","27761","Soul"
"20002347","27781","Elantra Touring"
"20002348","27821","HS 250h"
"20002349","27841","MKT"
"20002350","28203","Transit Connect"
"20002351","28283","Cube"
"20002352","28323","Forte"
"20002353","29983","Beetle (Pre-1980)"
"20002354","30003","Terrain"
"20002355","30004","LR4"
"20002356","30005","Panamera"
"20002357","30263","Genesis Coupe"
"20002358","30465","IS 250C"
"20002359","30466","IS 350C"
"20002360","31203","Continental Mk IV"
"20002361","31863","Continental Supersports"
"20002362","32743","Yeoman"
"20002363","32883","Forte Koup"
"20002364","32885","X5 M"
"20002365","32888","ZDX"
"20002366","33023","X6 M"
"20002367","33343","Silver Spur II"
"20002368","33603","Veyron 16.4"
"20002369","33604","C8 Aileron"
"20002370","33664","CCX"
"20002371","33743","G35x"
"20002372","34203","Accord Crosstour"
"20002373","34643","Kizashi"
"20002374","34703","Evora"
"20002375","34743","Crosstour"
"20002376","34823","C8 Laviolette"
"20002377","34883","GX 460"
"20002378","34963","8c Competizione"
"20002379","35023","Ghost"
"20002380","35024","R9"
"20002381","35025","Volt"
"20002382","35026","Cruze"
"20002383","35027","M37"
"20002384","35028","M56"
"20002385","35029","LFA"
"20002386","35049","X6 ActiveHybrid"
"20002387","35050","550 Gran Turismo"
"20002388","35363","CR-Z"
"20002389","35703","Model 4"
"20002390","35803","TC Roadster"
"20002391","35923","ActiveHybrid 750"
"20002392","35963","Equus"
"20002393","35964","CT 200h"
"20002394","35965","Mazda2"
"20002395","35966","Outlander Sport"
"20002396","35967","Juke"
"20002397","35968","Leaf"
"20002398","35969","iQ"
"20002399","36043","SLS AMG"
"20002400","36083","Countryman"
"20002401","36103","Countryman S"
"20002402","36544","360 Spider"
"20002403","36843","Impreza Outback Sport"
"20002404","36963","535 Gran Turismo"
"20002405","36987","Cayenne Hybrid"
"20002406","37043","MIdget"
"20002407","37363","Rapide"
"20002408","37483","Golden Rocket 88"
"20002409","38163","MKZ Hybrid"
"20002410","38203","Clubman"
"20002411","38204","Clubman S"
"20002412","38403","C8"
"20002413","38443","Impreza WRX STi"
"20002414","38826","G25"
"20002415","39463","Sonata Turbo"
"20002416","39483","ActiveHybrid X6"
"20002417","39583","Sonata Hybrid"
"20002418","39827","Touareg Hybrid"
"20002419","40083","458 Italia"
"20002420","40343","Model A Truck"
"20002421","40403","Murano CrossCabriolet"
"20002422","40463","Optima Hybrid"
"20002423","40543","Scorpion"
"20002424","40563","Beta"
"20002425","40743","V12 Vantage"
"20002426","40843","9-4x"
"20002427","40845","M35h"
"20002428","40846","i-Miev"
"20002429","41704","Karma"
"20002430","41883","Cooper Countryman"
"20002431","41884","Cooper S Countryman"
"20002432","42063","NV 1500"
"20002433","42064","NV 2500"
"20002434","42083","NV 3500"
"20002435","42323","Veloster"
"20002436","42324","Sonic"
"20002437","42343","Prius V"
"20002438","42463","C-Max"
"20002439","42464","Focus Electric"
"20002440","42543","Business Coupe"
"20002441","42703","FF"
"20002442","42743","135M"
"20002443","42803","ForTwo Electric Drive"
"20002444","42843","Aventador"
"20002445","42943","9-4X"
"20002446","43143","A7"
"20002447","43243","1 Series M"
"20002448","43344","Beetle"
"20002449","43345","Panamera S Hybrid"
"20002450","43403","Range Rover Evoque"
"20002451","43443","THINK City"
"20002452","43523","500C"
"20002453","43903","9-3X"
"20002454","45283","TT RS"
"20002455","45303","Cargo"
"20002456","45843","i-MiEV"
"20002457","45983","MazdaSPEED3"
"20002458","46163","Dbari Zagato"
"20002459","46183","Verano"
"20002460","46283","DBAR1 Zagato"
"20002461","46443","Panamera Hybrid"
"20002462","46643","DB AR1 Zagato"
"20002463","46703","Prius v"
"20002464","47043","LM002"
"20002465","47108","Prius Plug-in"
"20002466","47110","V8 Vantage S"
"20002467","47273","RS 5"
"20002468","47274","XTS"
"20002469","47275","Spark"
"20002470","47276","Fit EV"
"20002471","47277","CX-5"
"20002472","47283","JX35"
"20002473","47559","Silver Shadow II"
"20002474","47563","ATS"
"20002475","47565","FR-S"
"20002476","47566","BRZ"
"20002477","47567","Prius c"
"20002478","47568","Jetta Hybrid"
"20002479","47843","ILX"
"20002480","47844","NV 200"
"20002481","47904","MP4-12C"
"20002482","47944","ActiveHybrid 5"
"20002483","47951","Golf R"
"20002484","48063","458 Spider"
"20002485","48064","640 Gran Coupe"
"20002486","48263","X1"
"20002487","48265","XV Crosstrek"
"20002488","48266","ES 300h"
"20002489","48283","Sante Fe Sport"
"20002490","48583","NV Cargo"
"20002491","48589","NV Passenger"
"20002492","48704","Focus ST"
"20002493","48964","ILX Hybrid"
"20002494","49085","C-Max Hybrid"
"20002495","49403","Captiva Sport"
"20002496","49583","SLS AMG GT"
"20002497","49584","EX37"
"20002498","49585","FX37"
"20002499","49665","IPL G"
"20002500","49763","650 Gran Coupe"
"20002501","49764","Elantra GT"
"20002502","49843","ActiveHybrid 3"
"20002503","49923","ActiveHybrid 740"
"20002504","50243","C-Max Energi"
"20002505","50643","Santa Fe Sport"
"20002506","50644","Jetta SportWagen"
"20002507","50683","WRX"
"20002508","50684","WRX STI"
"20002509","50823","Q5 hybrid"
"20002510","50903","RAV4 EV"
"20002511","51005","Convertible"
"20002512","51006","Hardtop"
"20002513","51263","Henry J"
"20002514","51283","599 GTO"
"20002515","51624","Fusion Plug-In Hybrid"
"20002516","51703","Avalon Hybrid"
"20002517","51803","Impreza WRX"
"20002518","51826","SRT Viper"
"20002519","51867","RLX"
"20002520","51868","500L"
"20002521","51870","F-Type"
"20002522","51887","Paceman"
"20002523","52087","Cadenza"
"20002524","52107","ELR"
"20002525","52108","Q50"
"20002526","52109","Versa Note"
"20002527","52187","NV Cargo NV1500"
"20002528","52189","NV Cargo NV2500 HD"
"20002529","52192","NV Passenger NV3500 HD"
"20002530","52194","NV Cargo NV3500 HD"
"20002531","52227","Accord Plug-In Hybrid"
"20002532","52427","F12berlinetta"
"20002533","52547","M6 Gran Coupe"
"20002534","52651","ProMaster 2500"
"20002535","52652","ProMaster 3500"
"20002536","52653","ProMaster 1500"
"20002537","52654","QX60 Hybrid"
"20002538","52655","Pathfinder Hybrid"
"20002539","52656","Wraith"
"20002540","52657","XV Crosstrek Hybrid"
"20002541","52668","SS"
"20002542","52670","NV200"
"20002543","52728","Vanquish"
"20002544","52909","CLA-Class"
"20002545","52969","Q50 Hybrid"
"20002546","53027","Fusion Energi"
"20002547","53075","Corvette Stingray"
"20002548","53187","Spark EV"
"20002549","53259","Rapide S"
"20002550","53260","500e"
"20002551","53407","Flying Spur"
"20002552","53423","ForTwo electric drive"
"20002553","53507","360"
"20002554","53509","2500M"
"20002555","53787","SQ5"
"20002556","54187","QX60"
"20002557","54409","328 Gran Turismo"
"20002558","54410","335 Gran Turismo"
"20002559","54413","QX70"
"20002560","54427","SLS AMG Black Series"
"20002561","54449","Panamera e-Hybrid"
"20002562","54450","QX50"
"20002563","54451","QX80"
"20002564","54467","RS 7"
"20002565","54539","Q60"
"20002566","54767","38"
"20002567","54787","Plus 4"
"20002568","54807","435"
"20002569","54810","ProMaster 2500 Window Van"
"20002570","54811","535d"
"20002571","54812","328d"
"20002572","54814","Q70"
"20002573","54868","Q60 IPL"
"20002574","55487","GT40"
"20002575","55767","Veyron"
"20002576","56013","K900"
"20002577","56014","Macan"
"20002578","56027","MKC"
"20002579","56067","i3"
"20002580","56068","i8"
"20002581","56107","e-Golf"
"20002582","56127","M4"
"20002583","56187","ActiveHybrid 7"
"20002584","56207","M235"
"20002585","56208","V60"
"20002586","56288","GLA-Class"
"20002587","56290","Q3"
"20002588","56307","RC F"
"20002589","56530","Rogue Select"
"20002590","56531","Phantom"
"20002591","56611","Q70h"
"20002592","56687","Soul EV"
"20002593","56747","Transit-150"
"20002594","56748","Transit-250"
"20002595","56749","Transit-350"
"20002596","56807","Renegade"
"20002597","56867","Huracan"
"20002598","56907","X4"
"20002599","57087","Impala Limited"
"20002600","57267","435 Gran Coupe"
"20002601","57268","428 Gran Coupe"
"20002602","57269","ALPINA B6 Gran Coupe"
"20002603","57287","TLX"
"20002604","57327","4C"
"20002605","57328","Trax"
"20002606","57387","Sedan Police Interceptor"
"20002607","57447","City Express"
"20002608","57448","918 Spyder"
"20002609","57767","Club Sedan"
"20002610","57790","B-Class Electric Drive"
"20002611","57887","NX 200t"
"20002612","57888","NX 300h"
"20002613","57928","RC 350"
"20002614","57967","650S Spider"
"20002615","57988","V12 Vantage S"
"20002616","58107","F-TYPE"
"20002617","58167","RLX Sport Hybrid"
"20002618","58230","Discovery Sport"
"20002619","58407","Q40"
"20002620","58488","500X"
"20002621","58489","XE"
"20002622","58567","Q70L"
"20002623","58570","Cayenne E-Hybrid"
"20002624","58767","Golf GTI"
"30000114","30000114","AMG GT"
"30000208","30000208","CX-3"
"30000212","30000212","HR-V"
"30000373","30000373","ProMaster City"
"30000671","30000671","Nomad"
"30000872","30000872","Cascada"
"30000874","30000874","S60 Cross Country"
"30000964","30000964","CTS-V"
"30001080","30001080","720"
"30001113","30001113","4 1/4"
"30001432","30001432","650S"
"30001954","30001954","ATS-V"
"30002053","30002053","458 Speciale"
"30002097","30002097","Maybach S"
"30002548","30002548","Vantage GT"
"30003099","30003099","Golf SportWagen"
"30003197","30003197","CT6"
"30003416","30003416","RAV4 Hybrid"
"30003456","30003456","GLE-Class"
"30003484","30003484","iA"
"30003493","30003493","iM"
"30003796","30003796","V60 Cross Country"
"30008915","30008915","ProMaster 3500 Window Van"
"30011556","30011556","GLC-Class"
"30016700","30016700","Navigator L"
"30019342","30019342","AMG CLS"
"30019351","30019351","AMG E"
"30019374","30019374","AMG GLE"
"30019391","30019391","AMG SLK"
"30019417","30019417","Cruze Limited"
"30019645","30019645","S60 Inscription"
"30019667","30019667","DJ-5A"
"30021242","30021242","Metris-Class"
"30021281","30021281","Shelby GT350"
"30021883","30021883","Suburban 3500"
"30021900","30021900","4C Spider"
"30022426","30022426","Americar"
"30022818","30022818","AMG C"
"30022853","30022853","AMG S"
"30022872","30022872","AMG SL"
"30023412","30023412","GS 200t"
"30023481","30023481","XC90 Hybrid"
"30024860","30024860","AMG GL"
"30024884","30024884","AMG GLA"
"30026257","30026257","A3 e-tron"
"30028219","30028219","IS 200t"
"30028443","30028443","Malibu Limited"
"30031770","30031770","Crosstrek"
"30031781","30031781","Crosstrek Hybrid"
"30032110","30032110","Q30"
"30032338","30032338","Utility Police Interceptor"
"30032858","30032858","X5 eDrive"
"30033647","30033647","Rogue Hybrid"
"30033893","30033893","Mighty Max"
"30034663","30034663","AMG G"
"30034963","30034963","RC 200t"
"30035060","30035060","RC 300"
"30036145","30036145","RF"
"30036452","30036452","Focus RS"
"30038753","30038753","GS F"
"30038756","30038756","F-PACE"
"32982686","32982686","AMG CLA"
"33385383","33385383","Mirai"
"33386193","33386193","Sonata Plug-In Hybrid"
"33482960","33482960","QX30"
"33484310","33484310","124 Spider"
"33486882","33486882","XT5"
"33535058","33535058","Bentayga"
"33676107","33676107","LaFerrari"
"33761895","33761895","Titan XD"
"33763017","33763017","M2"
"33764972","33764972","SLC-Class"
"33796893","33796893","Envision"
"33796915","33796915","LC 500"
"33797688","33797688","330e"
"33910101","33910101","Niro"
"33910227","33910227","675LT"
"34137842","34137842","40/50 HP Silver Ghost"
"34171891","34171891","Ioniq"
"34171896","34171896","Levanteb"
"34172170","34172170","86"
"34226822","34226822","Levante"
"34227009","34227009","Model X"
"34227059","34227059","Mirage G4"
"34227579","34227579","AMG GLS"
"34227756","34227756","GLS-Class"
"34263855","34263855","AMG GLC"
"34280445","34280445","Acadia Limited"
"34281190","34281190","Dawn"
"34293165","34293165","718 Boxster"
"34434113","34434113","M240"
"34898049","34898049","AMG SLC"
"34991443","34991443","330 Gran Turismo"
"34991691","34991691","340 Gran Turismo"
"34992056","34992056","430 Gran Coupe"
"34992145","34992145","440 Gran Coupe"
"35009100","35009100","570S"
"35024020","35024020","Compass X"
"35024306","35024306","Patriot X"
"35084701","35084701","B-Class"
"35084748","35084748","Corolla iM"
"35084961","35084961","Yaris iA"
"35084991","35084991","Murano Hybrid"
"35331199","35331199","488 GTB"
"35346517","35346517","740e"
"35357470","35357470","G80"
"35472815","35472815","A4 allroad"
"35518730","35518730","G90"
"35864320","35864320","Golf Alltrack"
"36273890","36273890","Prius Prime"
"36274172","36274172","Bolt EV"
"36279804","36279804","AMG GLA 45"
"36279814","36279814","AMG S 65"
"36279856","36279856","AMG C 43"
"36279857","36279857","AMG C 63"
"36279860","36279860","AMG CLA 45"
"36279861","36279861","AMG CLS 63"
"36279864","36279864","AMG GLE 43"
"36279865","36279865","AMG GLE 63"
"36279866","36279866","AMG GLS 63"
"36279867","36279867","AMG S 63"
"36279868","36279868","CLA 250"
"36279870","36279870","CLS 550"
"36279873","36279873","GLA 250"
"36279874","36279874","GLC 300"
"36279875","36279875","GLE 300d"
"36279878","36279878","GLE 400"
"36279879","36279879","GLE 550e"
"36279886","36279886","GLS 550"
"36279890","36279890","SL 550"
"36279891","36279891","SLC 300"
"36279918","36279918","AMG SL 63"
"36279921","36279921","AMG SL 65"
"36279924","36279924","AMG SLC 43"
"36279931","36279931","CLS 400"
"36279938","36279938","GLE 350"
"36279950","36279950","GLS 350d"
"36279952","36279952","GLS 450"
"36279957","36279957","Metris"
"36279958","36279958","SL 450"
"36280700","36280700","MX-5 Miata RF"
"36280734","36280734","Maybach S 550"
"36280829","36280829","Maybach S 600"
"36281513","36281513","V90 Cross Country"
"36282116","36282116","Evora 400"
"36282396","36282396","Atlas"
"36282683","36282683","AMG GLC 43"
"36283002","36283002","Sprinter 2500"
"36283124","36283124","C-HR"
"36283532","36283532","Sprinter 3500"
"36283944","36283944","Sprinter 3500XD"
"36284899","36284899","EcoSport"
"36285237","36285237","Stelvio"
"36290282","36290282","AMG E 43"
"36290351","36290351","AMG G 63"
"36290354","36290354","AMG G 65"
"36290525","36290525","Pacifica Hybrid"
"36291475","36291475","718 Cayman"
"36293408","36293408","Stinger"
"36293501","36293501","AMG GLA 250"
"36293534","36293534","Rogue Sport"
"36293903","36293903","LS 500"
"36294682","36294682","M760"
"36296923","36296923","570GT"
"36296927","36296927","Optima Plug-In Hybrid"
"36298053","36298053","DB11"
"36298653","36298653","CT6 PLUG-IN"
"36299623","36299623","G 550 4x4 Squared"
"36301306","36301306","IONIQ EV"
"36301312","36301312","IONIQ Hybrid"
"36301573","36301573","Shelby GT500"
"36302078","36302078","530e"
"36302758","36302758","488 Spider"
"36303139","36303139","M550"
"36305422","36305422","Clarity Fuel Cell"
"36306155","36306155","MDX Sport Hybrid"
"36307255","36307255","GLI"
"36308693","36308693","Range Rover Velar"
"36308889","36308889","LC 500h"
"36310105","36310105","RS 3"
"36310138","36310138","New Compass"
"36310230","36310230","LS 500h"
"36310238","36310238","AMG GLC 63"
"36314247","36314247","8c Spider"
"36318180","36318180","GTC4Lusso"
"36321398","36321398","XC60 Hybrid"
"36321969","36321969","Regal Sportback"
"36321972","36321972","Regal TourX"
"36322313","36322313","AMG E 63"
"36323063","36323063","Panamera Sport Turismo"
"36323088","36323088","Panamera e-Hybrid Sport Turismo"
"36323989","36323989","E Countryman"
"36324071","36324071","Expedition Max"
