"YEARID","ODSID","NAME"
"20002625","20091","1900"
"20002626","20092","1902"
"20002627","20093","1904"
"20002628","20094","1906"
"20002629","20095","1908"
"20002630","20096","1910"
"20002631","20097","1912"
"20002632","20098","1914"
"20002633","20099","1916"
"20002634","20100","1918"
"20002635","20101","1920"
"20002636","20102","1922"
"20002637","20103","1924"
"20002638","20104","1926"
"20002639","20105","1928"
"20002640","20106","1930"
"20002641","20107","1932"
"20002642","20108","1934"
"20002643","20109","1936"
"20002644","20110","1938"
"20002645","20111","1940"
"20002646","20112","1942"
"20002647","20113","1944"
"20002648","20114","1946"
"20002649","20115","1948"
"20002650","20116","1950"
"20002651","20117","1952"
"20002652","20118","1954"
"20002653","20119","1956"
"20002654","20120","1958"
"20002655","20121","1960"
"20002656","20122","1962"
"20002657","20123","1964"
"20002658","20124","1966"
"20002659","20125","1968"
"20002660","20126","1970"
"20002661","20127","1972"
"20002662","20128","1974"
"20002663","20129","1976"
"20002664","20130","1978"
"20002665","20131","1980"
"20002666","20132","1982"
"20002667","20133","1984"
"20002668","20134","1986"
"20002669","20135","1988"
"20002670","20136","1990"
"20002671","20137","1992"
"20002672","20138","1994"
"20002673","20139","1996"
"20002674","20140","1998"
"20002675","20141","2000"
"20002676","20142","2002"
"20002677","20143","2004"
"20002678","20144","2006"
"20002679","20145","2008"
"20002680","20146","1899"
"20002681","20147","1901"
"20002682","20148","1903"
"20002683","20149","1905"
"20002684","20150","1907"
"20002685","20151","1909"
"20002686","20152","1911"
"20002687","20153","1913"
"20002688","20154","1915"
"20002689","20155","1917"
"20002690","20156","1919"
"20002691","20157","1921"
"20002692","20158","1923"
"20002693","20159","1925"
"20002694","20160","1927"
"20002695","20161","1929"
"20002696","20162","1931"
"20002697","20163","1933"
"20002698","20164","1935"
"20002699","20165","1937"
"20002700","20166","1939"
"20002701","20167","1941"
"20002702","20168","1943"
"20002703","20169","1945"
"20002704","20170","1947"
"20002705","20171","1949"
"20002706","20172","1951"
"20002707","20173","1953"
"20002708","20174","1955"
"20002709","20175","1957"
"20002710","20176","1959"
"20002711","20177","1961"
"20002712","20178","1963"
"20002713","20179","1965"
"20002714","20180","1967"
"20002715","20181","1969"
"20002716","20182","1971"
"20002717","20183","1973"
"20002718","20184","1975"
"20002719","20185","1977"
"20002720","20186","1979"
"20002721","20187","1981"
"20002722","20188","1983"
"20002723","20189","1985"
"20002724","20190","1987"
"20002725","20191","1989"
"20002726","20192","1991"
"20002727","20193","1993"
"20002728","20194","1995"
"20002729","20195","1997"
"20002730","20196","1999"
"20002731","20197","2001"
"20002732","20198","2003"
"20002733","20199","2005"
"20002734","20200","2007"
"20002735","20201","2009"
"20002736","27381","2010"
"20002737","34923","2011"
"20002738","39723","2012"
"20002739","47272","2013"
"20002740","51683","2014"
"20002741","56007","2015"
"20002742","58487","2016"
"30031936","30031936","2017"
"35797618","35797618","2018"
